{"count":1,"self":445.49094399999996,"total":2522.0745567999998,"children":{"InitializeActuators":{"count":24,"self":0.0010004999999999999,"total":0.0010004999999999999,"children":null},"InitializeSensors":{"count":24,"self":0.0019998999999999998,"total":0.0019998999999999998,"children":null},"AgentSendState":{"count":619101,"self":66.3017344,"total":112.080553,"children":{"CollectObservations":{"count":2971704,"self":4.7248323999999995,"total":4.7248325,"children":null},"WriteActionMask":{"count":2971704,"self":1.730963,"total":1.730963,"children":null},"RequestDecision":{"count":2971704,"self":6.571612,"total":39.3230243,"children":{"AgentInfo.ToProto":{"count":2971704,"self":5.8087472,"total":32.7514124,"children":{"GenerateSensorData":{"count":2971704,"self":21.421270399999997,"total":26.9426654,"children":{"RayPerceptionSensor.Perceive":{"count":5943408,"self":5.5213947999999995,"total":5.5213947,"children":null}}}}}}}}},"DecideAction":{"count":619101,"self":1916.0469504,"total":1916.0469371,"children":null},"AgentAct":{"count":619101,"self":48.3151072,"total":48.315106199999995,"children":null},"AgentInfo.ToProto":{"count":6066,"self":0.0430003,"total":0.1369928,"children":{"GenerateSensorData":{"count":6066,"self":0.0729919,"total":0.093992499999999993,"children":{"RayPerceptionSensor.Perceive":{"count":12132,"self":0.021000599999999998,"total":0.021000599999999998,"children":null}}}}}},"gauges":{"KartAgent.CumulativeReward":{"count":6066,"max":1.15855849,"min":-5.39177227,"runningAverage":0.2517385,"value":1.15457916,"weightedAverage":1.15285277}},"metadata":{"timer_format_version":"0.1.0","start_time_seconds":"1674478103","unity_version":"2021.3.11f1","command_line_arguments":"C:\\Program Files\\Unity\\Hub\\Editor\\2021.3.11f1\\Editor\\Unity.exe -projectpath C:\\Users\\Usuario\\Desktop\\Unity\\Unity-ML-Agents\\ML_Agents_karts -useHub -hubIPC -cloudEnvironment production","communication_protocol_version":"1.5.0","com.unity.ml-agents_version":"2.3.0-exp.3","scene_name":"SampleScene","end_time_seconds":"1674480625"}}