{"count":1,"self":983.268864,"total":5806.9638786,"children":{"InitializeActuators":{"count":24,"self":0.0019996,"total":0.0019996,"children":null},"InitializeSensors":{"count":24,"self":0.0029996999999999997,"total":0.0029996999999999997,"children":null},"AgentSendState":{"count":1481001,"self":211.73792,"total":326.9481009,"children":{"CollectObservations":{"count":7108824,"self":11.5075088,"total":11.5075085,"children":null},"WriteActionMask":{"count":7108824,"self":4.1775532,"total":4.1775533,"children":null},"RequestDecision":{"count":7108824,"self":16.7352064,"total":99.525116799999992,"children":{"AgentInfo.ToProto":{"count":7108824,"self":14.905838399999999,"total":82.7899106,"children":{"GenerateSensorData":{"count":7108824,"self":54.8465984,"total":67.88407149999999,"children":{"RayPerceptionSensor.Perceive":{"count":14217648,"self":13.0374704,"total":13.0374702,"children":null}}}}}}}}},"DecideAction":{"count":1481001,"self":4380.8620544,"total":4380.8620212,"children":null},"AgentAct":{"count":1481001,"self":115.7868544,"total":115.7868567,"children":null},"AgentInfo.ToProto":{"count":5816,"self":0.028005199999999997,"total":0.0920048,"children":{"GenerateSensorData":{"count":5816,"self":0.0540028,"total":0.0639996,"children":{"RayPerceptionSensor.Perceive":{"count":11632,"self":0.0099968,"total":0.0099968,"children":null}}}}}},"gauges":{"KartAgent.CumulativeReward":{"count":5816,"max":0.2621658,"min":-3.90563846,"runningAverage":-1.90769672,"value":0.0521699376,"weightedAverage":0.150384709}},"metadata":{"timer_format_version":"0.1.0","start_time_seconds":"1673275765","unity_version":"2021.3.11f1","command_line_arguments":"C:\\Program Files\\Unity\\Hub\\Editor\\2021.3.11f1\\Editor\\Unity.exe -projectpath C:\\Users\\Usuario\\Desktop\\Unity\\Unity-ML-Agents\\ML_Agents_karts -useHub -hubIPC -cloudEnvironment production","communication_protocol_version":"1.5.0","com.unity.ml-agents_version":"2.3.0-exp.3","scene_name":"SampleScene","end_time_seconds":"1673281572"}}