{"count":1,"self":2916.5553664,"total":17465.087966,"children":{"InitializeActuators":{"count":24,"self":0.0019998,"total":0.0019998,"children":null},"InitializeSensors":{"count":24,"self":0.0030003,"total":0.0030003,"children":null},"AgentSendState":{"count":4474951,"self":694.1384704,"total":1047.0854996,"children":{"CollectObservations":{"count":21479784,"self":34.605161599999995,"total":34.605160999999995,"children":null},"WriteActionMask":{"count":21479784,"self":12.926768,"total":12.926768299999999,"children":null},"RequestDecision":{"count":21479784,"self":51.2390784,"total":305.41510769999996,"children":{"AgentInfo.ToProto":{"count":21479784,"self":44.944134399999996,"total":254.1760285,"children":{"GenerateSensorData":{"count":21479784,"self":165.0927872,"total":209.2318948,"children":{"RayPerceptionSensor.Perceive":{"count":42959568,"self":44.1391008,"total":44.1391023,"children":null}}}}}}}}},"DecideAction":{"count":4474951,"self":13160.037580799999,"total":13160.0379204,"children":null},"AgentAct":{"count":4474951,"self":340.8683264,"total":340.8683168,"children":null},"AgentInfo.ToProto":{"count":27346,"self":0.1300001,"total":0.535953,"children":{"GenerateSensorData":{"count":27346,"self":0.3339703,"total":0.4059529,"children":{"RayPerceptionSensor.Perceive":{"count":54692,"self":0.0719826,"total":0.0719826,"children":null}}}}}},"gauges":{"KartAgent.CumulativeReward":{"count":27346,"max":-1.44616449,"min":-6.778746,"runningAverage":-1.8480382,"value":-1.45499778,"weightedAverage":-1.55379009}},"metadata":{"timer_format_version":"0.1.0","start_time_seconds":"1673462181","unity_version":"2021.3.11f1","command_line_arguments":"C:\\Program Files\\Unity\\Hub\\Editor\\2021.3.11f1\\Editor\\Unity.exe -projectpath C:\\Users\\Usuario\\Desktop\\Unity\\Unity-ML-Agents\\ML_Agents_karts -useHub -hubIPC -cloudEnvironment production","communication_protocol_version":"1.5.0","com.unity.ml-agents_version":"2.3.0-exp.3","scene_name":"SampleScene","end_time_seconds":"1673479646"}}