{"count":1,"self":1575.1009279999998,"total":1604.085738,"children":{"InitializeActuators":{"count":24,"self":0.0010004999999999999,"total":0.0010004999999999999,"children":null},"InitializeSensors":{"count":24,"self":0.0020004,"total":0.0020004,"children":null},"AgentSendState":{"count":79944,"self":9.507448,"total":10.7469746,"children":{"CollectObservations":{"count":383736,"self":0.5994721,"total":0.5994721,"children":null},"WriteActionMask":{"count":383736,"self":0.23801889999999998,"total":0.23801889999999998,"children":null},"RequestDecision":{"count":383736,"self":0.4020358,"total":0.4020358,"children":null}}},"DecideAction":{"count":79944,"self":9.8401696,"total":10.882449999999999,"children":{"RayPerceptionSensor.Perceive":{"count":767472,"self":1.0422799999999999,"total":1.0422799999999999,"children":null}}},"AgentAct":{"count":79944,"self":7.3524335999999995,"total":7.3524335,"children":null}},"gauges":{"KartAgent.CumulativeReward":{"count":715,"max":-1.45099783,"min":-4.497641,"runningAverage":-1.97059035,"value":-1.45099783,"weightedAverage":-1.8928932}},"metadata":{"timer_format_version":"0.1.0","start_time_seconds":"1673362625","unity_version":"2021.3.11f1","command_line_arguments":"C:\\Program Files\\Unity\\Hub\\Editor\\2021.3.11f1\\Editor\\Unity.exe -projectpath D:\\Code\\Unity-ML-Agents\\ML_Agents_karts -useHub -hubIPC -cloudEnvironment production","communication_protocol_version":"1.5.0","com.unity.ml-agents_version":"2.3.0-exp.3","scene_name":"SampleScene","end_time_seconds":"1673364229"}}