{"count":1,"self":1130.6326016,"total":5573.114841,"children":{"InitializeActuators":{"count":24,"self":0.00097229999999999994,"total":0.00097229999999999994,"children":null},"InitializeSensors":{"count":24,"self":0.0020022,"total":0.0020022,"children":null},"AgentSendState":{"count":1428567,"self":191.0988416,"total":299.4829396,"children":{"CollectObservations":{"count":6857136,"self":10.636051199999999,"total":10.6360513,"children":null},"WriteActionMask":{"count":6857136,"self":3.8871168,"total":3.887117,"children":null},"RequestDecision":{"count":6857136,"self":16.204700799999998,"total":93.8609235,"children":{"AgentInfo.ToProto":{"count":6857136,"self":13.8432672,"total":77.6562229,"children":{"GenerateSensorData":{"count":6857136,"self":50.9577216,"total":63.812955599999995,"children":{"RayPerceptionSensor.Perceive":{"count":13714272,"self":12.8552352,"total":12.855234999999999,"children":null}}}}}}}}},"DecideAction":{"count":1428567,"self":4031.4048512,"total":4031.4046607,"children":null},"AgentAct":{"count":1428567,"self":111.4277504,"total":111.4277537,"children":null},"AgentInfo.ToProto":{"count":7205,"self":0.0480033,"total":0.1629612,"children":{"GenerateSensorData":{"count":7205,"self":0.0909581,"total":0.11495789999999999,"children":{"RayPerceptionSensor.Perceive":{"count":14410,"self":0.023999799999999998,"total":0.023999799999999998,"children":null}}}}}},"gauges":{"KartAgent.CumulativeReward":{"count":7205,"max":0.70084393,"min":-11.1298389,"runningAverage":-1.173381,"value":0.615471661,"weightedAverage":0.225870118}},"metadata":{"timer_format_version":"0.1.0","start_time_seconds":"1674406533","unity_version":"2021.3.11f1","command_line_arguments":"C:\\Program Files\\Unity\\Hub\\Editor\\2021.3.11f1\\Editor\\Unity.exe -projectpath C:\\Users\\Usuario\\Desktop\\Unity\\Unity-ML-Agents\\ML_Agents_karts -useHub -hubIPC -cloudEnvironment production","communication_protocol_version":"1.5.0","com.unity.ml-agents_version":"2.3.0-exp.3","scene_name":"simplescene3","end_time_seconds":"1674412106"}}