{"cameraMode":{"drawMode":0,"name":"Shaded","section":"Shading Mode"},"sceneLighting":true,"audioPlay":false,"sceneViewState":{"m_AlwaysRefresh":false,"showFog":true,"showSkybox":true,"showFlares":true,"showImageEffects":true,"showParticleSystems":true,"showVisualEffectGraphs":true,"m_FxEnabled":true},"in2DMode":false,"pivot":{"x":12.706684112548829,"y":20.99271011352539,"z":-0.643254280090332},"rotation":{"x":0.06995616108179093,"y":0.14905929565429688,"z":-0.010572465136647225,"w":0.9862948656082153},"size":44.90788650512695,"orthographic":false}